<xml xmlns="http://www.w3.org/1999/xhtml">
  <variables>
    <variable type="" id="h{q3x|_v(~!IhLB_sj#/">words</variable>
    <variable type="" id="M(bvUg-2EbMR5y*c*{P*">y</variable>
    <variable type="" id="}z(zy$a?69d:i_k!GUjE">x</variable>
  </variables>
  <block type="draw_shape" id="22" x="15" y="217">
    <field name="SHAPE">turtle</field>
    <next>
      <block type="draw_pen" id="68">
        <field name="PEN">penup</field>
        <next>
          <block type="variables_set" id="107" inline="true">
            <field name="VAR" id="}z(zy$a?69d:i_k!GUjE" variabletype="">x</field>
            <value name="VALUE">
              <block type="math_number" id="45">
                <field name="NUM">-60</field>
              </block>
            </value>
            <next>
              <block type="variables_set" id="114" inline="true">
                <field name="VAR" id="M(bvUg-2EbMR5y*c*{P*" variabletype="">y</field>
                <value name="VALUE">
                  <block type="math_number" id="46">
                    <field name="NUM">175</field>
                  </block>
                </value>
                <next>
                  <block type="goto" id="44">
                    <value name="X">
                      <block type="variables_get" id="121">
                        <field name="VAR" id="}z(zy$a?69d:i_k!GUjE" variabletype="">x</field>
                      </block>
                    </value>
                    <value name="Y">
                      <block type="variables_get" id="128">
                        <field name="VAR" id="M(bvUg-2EbMR5y*c*{P*" variabletype="">y</field>
                      </block>
                    </value>
                    <next>
                      <block type="procedures_callnoreturn" id="201" inline="false">
                        <mutation name="say">
                          <arg name="words"></arg>
                        </mutation>
                        <value name="ARG0">
                          <block type="text" id="215">
                            <field name="TEXT">Daniel Bigler</field>
                          </block>
                        </value>
                      </block>
                    </next>
                  </block>
                </next>
              </block>
            </next>
          </block>
        </next>
      </block>
    </next>
  </block>
  <block type="draw_turn" id="vf74Fs.|*$Vg[s^ai?O5" x="303" y="255">
    <field name="DIR">right</field>
    <value name="VALUE">
      <block type="math_number" id="d`yN)_q.;|lkwaklEL?m">
        <field name="NUM">180</field>
      </block>
    </value>
    <next>
      <block type="draw_move" id="4H/HQyw$4aB.#1GZ9{HM">
        <field name="DIR">forward</field>
        <value name="VALUE">
          <block type="math_number" id="1,|N,RJ1?~AO)2V9.,L0">
            <field name="NUM">10</field>
          </block>
        </value>
        <next>
          <block type="draw_pen" id="pK4E%-ko/W`1/sN@n#%/">
            <field name="PEN">pendown</field>
            <next>
              <block type="draw_turn" id="Ltgq?l$u=k%2Qe@U!?iA">
                <field name="DIR">left</field>
                <value name="VALUE">
                  <block type="math_number" id="?$e6*0Dx9svz!.v7=Iph">
                    <field name="NUM">90</field>
                  </block>
                </value>
                <next>
                  <block type="draw_move" id="O`Z`F%~;inw|E_+d0tek">
                    <field name="DIR">forward</field>
                    <value name="VALUE">
                      <block type="math_number" id="TXyjWKe2gCiwc(R]?ZU*">
                        <field name="NUM">50</field>
                      </block>
                    </value>
                    <next>
                      <block type="draw_turn" id="|9*F_z-FA$3fyP_gCl*5">
                        <field name="DIR">left</field>
                        <value name="VALUE">
                          <block type="math_number" id="9wj:d+TpTHuM`~+knN(O">
                            <field name="NUM">90</field>
                          </block>
                        </value>
                        <next>
                          <block type="controls_repeat" id="@M^-Ahsp{Or/Yg^|D.{F">
                            <field name="TIMES">90</field>
                            <statement name="DO">
                              <block type="draw_move" id="(!uD1RtmM=vt+W6bg*.p">
                                <field name="DIR">forward</field>
                                <value name="VALUE">
                                  <block type="math_number" id="UU4SI3E3o[+:};CP]5*h">
                                    <field name="NUM">1</field>
                                  </block>
                                </value>
                                <next>
                                  <block type="draw_turn" id="/Cn2?A-IQiRSloR[u11g">
                                    <field name="DIR">left</field>
                                    <value name="VALUE">
                                      <block type="math_number" id="c`40k4LwDK=+mHw2IjYk">
                                        <field name="NUM">2</field>
                                      </block>
                                    </value>
                                  </block>
                                </next>
                              </block>
                            </statement>
                            <next>
                              <block type="draw_pen" id=".sX[)-;jT8^ETAfQo/$K">
                                <field name="PEN">penup</field>
                                <next>
                                  <block type="draw_turn" id="HHasu1kB-DYbj:.}E]Pp">
                                    <field name="DIR">left</field>
                                    <value name="VALUE">
                                      <block type="math_number" id="WMI`*;1*B5+]=`X8^}tn">
                                        <field name="NUM">90</field>
                                      </block>
                                    </value>
                                    <next>
                                      <block type="draw_move" id="Pr2gb%LS/KBMR:f`86#B">
                                        <field name="DIR">forward</field>
                                        <value name="VALUE">
                                          <block type="math_number" id="[MY|?.D=~:lZFBOE7mTi">
                                            <field name="NUM">60</field>
                                          </block>
                                        </value>
                                        <next>
                                          <block type="draw_turn" id="A|4P|gg2P/gZkUiO6,WJ">
                                            <field name="DIR">left</field>
                                            <value name="VALUE">
                                              <block type="math_number" id="R?As=E0i5d3nA9K=rJiy">
                                                <field name="NUM">90</field>
                                              </block>
                                            </value>
                                            <next>
                                              <block type="draw_move" id="/h40PC[XNJBI.*b+J`4(">
                                                <field name="DIR">forward</field>
                                                <value name="VALUE">
                                                  <block type="math_number" id="sP?@A@gXY|V.ZQx~XM/.">
                                                    <field name="NUM">50</field>
                                                  </block>
                                                </value>
                                                <next>
                                                  <block type="draw_pen" id="~zldie)uJ(?X!d7Dqcg2">
                                                    <field name="PEN">pendown</field>
                                                    <next>
                                                      <block type="draw_turn" id="s*K;`HWqpWJ`NKdQLyVs">
                                                        <field name="DIR">left</field>
                                                        <value name="VALUE">
                                                          <block type="math_number" id="3cneg0EZ%fQ_xmkYMz%v">
                                                            <field name="NUM">90</field>
                                                          </block>
                                                        </value>
                                                        <next>
                                                          <block type="draw_move" id="BDQ}#8uVhl[Pi2b6+/-l">
                                                            <field name="DIR">forward</field>
                                                            <value name="VALUE">
                                                              <block type="math_number" id="]:GG%0{8YI#Y{f+x~Anu">
                                                                <field name="NUM">50</field>
                                                              </block>
                                                            </value>
                                                            <next>
                                                              <block type="draw_turn" id="@O$x*/XXCK.+Lwt(}-*M">
                                                                <field name="DIR">right</field>
                                                                <value name="VALUE">
                                                                  <block type="math_number" id="q$3-=AZ7=oObGU1EXjv]">
                                                                    <field name="NUM">90</field>
                                                                  </block>
                                                                </value>
                                                                <next>
                                                                  <block type="draw_move" id="_O,Gpnf(RcO]5w7T$|II">
                                                                    <field name="DIR">forward</field>
                                                                    <value name="VALUE">
                                                                      <block type="math_number" id="yzj+P)Dyo7(gmUGVJl;k">
                                                                        <field name="NUM">5</field>
                                                                      </block>
                                                                    </value>
                                                                    <next>
                                                                      <block type="controls_repeat" id="=dLSJgz%]:l4[z%)o`ZM">
                                                                        <field name="TIMES">90</field>
                                                                        <statement name="DO">
                                                                          <block type="draw_move" id="rrmTXP4V{39d]g;?^T!n">
                                                                            <field name="DIR">forward</field>
                                                                            <value name="VALUE">
                                                                              <block type="math_number" id="YVp1;(8Ee~4%{beUh@?5">
                                                                                <field name="NUM">0.4</field>
                                                                              </block>
                                                                            </value>
                                                                            <next>
                                                                              <block type="draw_turn" id="+l3Q./`aZD6]J,50Gt2u">
                                                                                <field name="DIR">right</field>
                                                                                <value name="VALUE">
                                                                                  <block type="math_number" id="pC{6cPI#R2`DGsMe%bbI">
                                                                                    <field name="NUM">2</field>
                                                                                  </block>
                                                                                </value>
                                                                              </block>
                                                                            </next>
                                                                          </block>
                                                                        </statement>
                                                                        <next>
                                                                          <block type="draw_move" id="2Z-]6}@uGm+$2t=#3Vu[">
                                                                            <field name="DIR">forward</field>
                                                                            <value name="VALUE">
                                                                              <block type="math_number" id="EN3szBdDPY?(vY?h8FrD">
                                                                                <field name="NUM">5</field>
                                                                              </block>
                                                                            </value>
                                                                            <next>
                                                                              <block type="draw_turn" id="-Cy(vvj4TT,d:GR:l~BZ">
                                                                                <field name="DIR">left</field>
                                                                                <value name="VALUE">
                                                                                  <block type="math_number" id="}9V9EC=V|]^QXHCc6)pe">
                                                                                    <field name="NUM">180</field>
                                                                                  </block>
                                                                                </value>
                                                                                <next>
                                                                                  <block type="draw_move" id="%`Xoee+0;qPvxtAM`S$#">
                                                                                    <field name="DIR">forward</field>
                                                                                    <value name="VALUE">
                                                                                      <block type="math_number" id="H)20L=b)W/A#0Cm(qsec">
                                                                                        <field name="NUM">10</field>
                                                                                      </block>
                                                                                    </value>
                                                                                    <next>
                                                                                      <block type="controls_repeat" id="hv;IL,SnwrK^T!krT@KV">
                                                                                        <field name="TIMES">90</field>
                                                                                        <statement name="DO">
                                                                                          <block type="draw_move" id="c4Kpa;,epvl88m=:).7p">
                                                                                            <field name="DIR">forward</field>
                                                                                            <value name="VALUE">
                                                                                              <block type="math_number" id="Nan6Quu5|gQB5ay8KWU)">
                                                                                                <field name="NUM">0.5</field>
                                                                                              </block>
                                                                                            </value>
                                                                                            <next>
                                                                                              <block type="draw_turn" id="L?AHDI~2!h7:znrO|gIP">
                                                                                                <field name="DIR">right</field>
                                                                                                <value name="VALUE">
                                                                                                  <block type="math_number" id=",,USmvE.NQ:4%P*))K-:">
                                                                                                    <field name="NUM">2</field>
                                                                                                  </block>
                                                                                                </value>
                                                                                              </block>
                                                                                            </next>
                                                                                          </block>
                                                                                        </statement>
                                                                                        <next>
                                                                                          <block type="draw_move" id="sOS6l;oj{uH(I3hfu~sj">
                                                                                            <field name="DIR">forward</field>
                                                                                            <value name="VALUE">
                                                                                              <block type="math_number" id="8HnBY.wy1kAKd5=6lCTe">
                                                                                                <field name="NUM">10</field>
                                                                                              </block>
                                                                                            </value>
                                                                                          </block>
                                                                                        </next>
                                                                                      </block>
                                                                                    </next>
                                                                                  </block>
                                                                                </next>
                                                                              </block>
                                                                            </next>
                                                                          </block>
                                                                        </next>
                                                                      </block>
                                                                    </next>
                                                                  </block>
                                                                </next>
                                                              </block>
                                                            </next>
                                                          </block>
                                                        </next>
                                                      </block>
                                                    </next>
                                                  </block>
                                                </next>
                                              </block>
                                            </next>
                                          </block>
                                        </next>
                                      </block>
                                    </next>
                                  </block>
                                </next>
                              </block>
                            </next>
                          </block>
                        </next>
                      </block>
                    </next>
                  </block>
                </next>
              </block>
            </next>
          </block>
        </next>
      </block>
    </next>
  </block>
  <block type="procedures_defnoreturn" id="72" x="-32" y="462">
    <mutation>
      <arg name="words" varid="h{q3x|_v(~!IhLB_sj#/"></arg>
    </mutation>
    <field name="NAME">say</field>
    <comment pinned="false" h="80" w="160">Describe this function...</comment>
    <statement name="STACK">
      <block type="variables_set" id="140" inline="true">
        <field name="VAR" id="M(bvUg-2EbMR5y*c*{P*" variabletype="">y</field>
        <value name="VALUE">
          <block type="math_arithmetic" id="154">
            <field name="OP">MINUS</field>
            <value name="A">
              <block type="variables_get" id="155">
                <field name="VAR" id="M(bvUg-2EbMR5y*c*{P*" variabletype="">y</field>
              </block>
            </value>
            <value name="B">
              <block type="math_number" id="156">
                <field name="NUM">20</field>
              </block>
            </value>
          </block>
        </value>
        <next>
          <block type="draw_write" id="178" inline="false">
            <field name="FONTSIZE">14</field>
            <value name="STRING">
              <block type="variables_get" id="228">
                <field name="VAR" id="h{q3x|_v(~!IhLB_sj#/" variabletype="">words</field>
              </block>
            </value>
            <next>
              <block type="goto" id="194">
                <value name="X">
                  <block type="variables_get" id="195">
                    <field name="VAR" id="}z(zy$a?69d:i_k!GUjE" variabletype="">x</field>
                  </block>
                </value>
                <value name="Y">
                  <block type="variables_get" id="196">
                    <field name="VAR" id="M(bvUg-2EbMR5y*c*{P*" variabletype="">y</field>
                  </block>
                </value>
              </block>
            </next>
          </block>
        </next>
      </block>
    </statement>
  </block>
</xml>